num,sys
1,Manifold
2,Manifold
5,Manifold
6,Manifold
7,Manifold
8,Manifold
10,Manifold
11,Manifold
12,Manifold
15,Manifold
16,Manifold
18,Manifold
19,Manifold
20,Manifold
21,Manifold
22,Manifold
23,Manifold
24,Manifold
26,Manifold
56,Manifold
57,Manifold
62,Manifold
71,Manifold
72,Manifold
73,Manifold
74,Manifold
77,Manifold
79,Manifold
81,Manifold
82,Manifold
86,Manifold
87,Manifold
88,Manifold
89,Manifold
94,Manifold
96,Manifold
98,Manifold
99,Manifold
103,Manifold
107,Manifold
111,Manifold
114,Manifold
118,Manifold
120,Manifold
121,Manifold
122,Manifold
123,Manifold
124,Manifold
125,Manifold
126,Manifold
127,Manifold
129,Manifold
181,Manifold
182,Manifold
183,Manifold
186,Manifold
187,Manifold
188,Manifold
189,Manifold
191,Manifold
193,Manifold
197,Manifold
199,Manifold
200,Manifold
201,Manifold
203,Manifold
217,Manifold
228,Manifold
230,Manifold
231,Manifold
232,Manifold
233,Manifold
235,Manifold
236,Manifold
237,Manifold
238,Manifold
239,Manifold
240,Manifold
241,Manifold
242,Manifold
243,Manifold
244,Manifold
245,Manifold
246,Manifold
247,Manifold
248,Manifold
249,Manifold
250,Manifold
251,Manifold
253,Manifold
254,Manifold
257,Manifold
261,Manifold
262,Manifold
267,Manifold
268,Manifold
269,Manifold
270,Manifold
272,Manifold
274,Manifold
276,Manifold
279,Manifold
280,Manifold
307,Manifold
308,Manifold
309,Manifold
310,Manifold
311,Manifold
312,Manifold
313,Manifold
315,Manifold
316,Manifold
319,Manifold
320,Manifold
321,Manifold
322,Manifold
327,Manifold
328,Manifold
329,Manifold
330,Manifold
334,Manifold
335,Manifold
336,Manifold
337,Manifold
338,Manifold
339,Manifold
340,Manifold
342,Manifold
343,Manifold
344,Manifold
345,Manifold
346,Manifold
347,Manifold
349,Manifold
350,Manifold
363,Manifold
366,Manifold
368,Manifold
370,Manifold
382,Manifold
385,Manifold
388,Manifold
389,Manifold
390,Manifold
391,Manifold
392,Manifold
393,Manifold
394,Manifold
395,Manifold
397,Manifold
399,Manifold
411,Manifold
412,Manifold
413,Manifold
414,Manifold
415,Manifold
416,Manifold
417,Manifold
418,Manifold
419,Manifold
421,Manifold
422,Manifold
423,Manifold
425,Manifold
426,Manifold
427,Manifold
430,Manifold
431,Manifold
432,Manifold
433,Manifold
434,Manifold
435,Manifold
436,Manifold
437,Manifold
438,Manifold
439,Manifold
440,Manifold
441,Manifold
442,Manifold
443,Manifold
457,Manifold
458,Manifold
459,Manifold
460,Manifold
463,Manifold
464,Manifold
466,Manifold
475,Manifold
481,Manifold
486,Manifold
487,Manifold
490,Manifold
491,Manifold
492,Manifold
494,Manifold
495,Manifold
496,Manifold
497,Manifold
498,Manifold
499,Manifold
500,Manifold
501,Manifold
502,Manifold
503,Manifold
504,Manifold
505,Manifold
506,Manifold
507,Manifold
508,Manifold
509,Manifold
511,Manifold
515,Manifold
518,Manifold
520,Manifold
522,Manifold
523,Manifold
526,Manifold
527,Manifold
528,Manifold
529,Manifold
530,Manifold
533,Manifold
538,Manifold
539,Manifold
543,Manifold
544,Manifold
545,Manifold
546,Manifold
547,Manifold
548,Manifold
549,Manifold
550,Manifold
551,Manifold
552,Manifold
553,Manifold
554,Manifold
555,Manifold
556,Manifold
558,Manifold
559,Manifold
560,Manifold
561,Manifold
581,Manifold
586,Manifold
589,Manifold
591,Manifold
592,Manifold
594,Manifold
595,Manifold
596,Manifold
599,Manifold
600,Manifold
601,Manifold
623,Manifold
629,Manifold
630,Manifold
631,Manifold
632,Manifold
633,Manifold
638,Manifold
639,Manifold
643,Manifold
644,Manifold
645,Manifold
647,Manifold
648,Manifold
649,Manifold
650,Manifold
651,Manifold
652,Manifold
653,Manifold
654,Manifold
665,Manifold
666,Manifold
667,Manifold
668,Manifold
671,Manifold
672,Manifold
673,Manifold
676,Manifold
678,Manifold
682,Manifold
683,Manifold
684,Manifold
685,Manifold
686,Manifold
687,Manifold
688,Manifold
689,Manifold
690,Manifold
691,Manifold
692,Manifold
694,Manifold
695,Manifold
697,Manifold
698,Manifold
699,Manifold
700,Manifold
701,Manifold
702,Manifold
703,Manifold
704,Manifold
705,Manifold
706,Manifold
707,Manifold
708,Manifold
709,Manifold
710,Manifold
711,Manifold
712,Manifold
713,Manifold
714,Manifold
715,Manifold
716,Manifold
717,Manifold
718,Manifold
719,Manifold
720,Manifold
721,Manifold
760,Manifold
761,Manifold
763,Manifold
764,Manifold
765,Manifold
767,Manifold
769,Manifold
770,Manifold
771,Manifold
772,Manifold
773,Manifold
774,Manifold
784,Manifold
785,Manifold
786,Manifold
787,Manifold
788,Manifold
789,Manifold
791,Manifold
792,Manifold
793,Manifold
794,Manifold
795,Manifold
811,Manifold
812,Manifold
813,Manifold
814,Manifold
815,Manifold
816,Manifold
817,Manifold
818,Manifold
821,Manifold
822,Manifold
823,Manifold
824,Manifold
825,Manifold
826,Manifold
827,Manifold
836,Manifold
837,Manifold
838,Manifold
841,Manifold
842,Manifold
843,Manifold
844,Manifold
845,Manifold
846,Manifold
847,Manifold
848,Manifold
849,Manifold
850,Manifold
851,Manifold
852,Manifold
853,Manifold
854,Manifold
855,Manifold
856,Manifold
857,Manifold
858,Manifold
859,Manifold
860,Manifold
861,Manifold
862,Manifold
863,Manifold
864,Manifold
866,Manifold
867,Manifold
894,Manifold
895,Manifold
896,Manifold
897,Manifold
898,Manifold
899,Manifold
900,Manifold
901,Manifold
902,Manifold
903,Manifold
904,Manifold
907,Manifold
908,Manifold
910,Manifold
913,Manifold
917,Manifold
919,Manifold
920,Manifold
921,Manifold
922,Manifold
923,Manifold
926,Manifold
927,Manifold
928,Manifold
929,Manifold
930,Manifold
931,Manifold
932,Manifold
933,Manifold
934,Manifold
935,Manifold
936,Manifold
937,Manifold
938,Manifold
946,Manifold
948,Manifold
949,Manifold
951,Manifold
955,Manifold
957,Manifold
959,Manifold
960,Manifold
961,Manifold
963,Manifold
966,Manifold
967,Manifold
968,Manifold
970,Manifold
971,Manifold
972,Manifold
973,Manifold
981,Manifold
983,Manifold
984,Manifold
985,Manifold
986,Manifold
987,Manifold
988,Manifold
989,Manifold
990,Manifold
992,Manifold
993,Manifold
994,Manifold
995,Manifold
996,Manifold
997,Manifold
998,Manifold
999,Manifold
1000,Manifold
1001,Manifold
1,Online-Y
28,Online-Y
29,Online-Y
30,Online-Y
31,Online-Y
32,Online-Y
33,Online-Y
34,Online-Y
35,Online-Y
36,Online-Y
37,Online-Y
38,Online-Y
39,Online-Y
40,Online-Y
41,Online-Y
42,Online-Y
43,Online-Y
44,Online-Y
45,Online-Y
46,Online-Y
47,Online-Y
48,Online-Y
49,Online-Y
50,Online-Y
51,Online-Y
52,Online-Y
53,Online-Y
56,Online-Y
65,Online-Y
66,Online-Y
67,Online-Y
71,Online-Y
72,Online-Y
73,Online-Y
75,Online-Y
100,Online-Y
101,Online-Y
103,Online-Y
106,Online-Y
107,Online-Y
108,Online-Y
109,Online-Y
110,Online-Y
113,Online-Y
114,Online-Y
115,Online-Y
118,Online-Y
120,Online-Y
121,Online-Y
122,Online-Y
125,Online-Y
126,Online-Y
127,Online-Y
128,Online-Y
129,Online-Y
130,Online-Y
136,Online-Y
137,Online-Y
138,Online-Y
139,Online-Y
140,Online-Y
141,Online-Y
142,Online-Y
143,Online-Y
144,Online-Y
145,Online-Y
146,Online-Y
147,Online-Y
148,Online-Y
149,Online-Y
150,Online-Y
151,Online-Y
152,Online-Y
153,Online-Y
154,Online-Y
155,Online-Y
156,Online-Y
157,Online-Y
158,Online-Y
159,Online-Y
160,Online-Y
161,Online-Y
162,Online-Y
163,Online-Y
164,Online-Y
165,Online-Y
166,Online-Y
167,Online-Y
168,Online-Y
169,Online-Y
174,Online-Y
177,Online-Y
182,Online-Y
183,Online-Y
217,Online-Y
230,Online-Y
242,Online-Y
245,Online-Y
248,Online-Y
254,Online-Y
256,Online-Y
258,Online-Y
259,Online-Y
260,Online-Y
261,Online-Y
263,Online-Y
266,Online-Y
267,Online-Y
268,Online-Y
269,Online-Y
270,Online-Y
271,Online-Y
272,Online-Y
273,Online-Y
274,Online-Y
275,Online-Y
276,Online-Y
277,Online-Y
278,Online-Y
279,Online-Y
280,Online-Y
294,Online-Y
298,Online-Y
300,Online-Y
301,Online-Y
302,Online-Y
303,Online-Y
304,Online-Y
306,Online-Y
307,Online-Y
308,Online-Y
312,Online-Y
313,Online-Y
314,Online-Y
315,Online-Y
317,Online-Y
320,Online-Y
322,Online-Y
323,Online-Y
328,Online-Y
329,Online-Y
332,Online-Y
333,Online-Y
334,Online-Y
335,Online-Y
337,Online-Y
338,Online-Y
339,Online-Y
344,Online-Y
345,Online-Y
347,Online-Y
388,Online-Y
389,Online-Y
393,Online-Y
394,Online-Y
395,Online-Y
396,Online-Y
398,Online-Y
439,Online-Y
447,Online-Y
450,Online-Y
452,Online-Y
453,Online-Y
454,Online-Y
455,Online-Y
460,Online-Y
469,Online-Y
470,Online-Y
471,Online-Y
472,Online-Y
473,Online-Y
474,Online-Y
475,Online-Y
476,Online-Y
477,Online-Y
478,Online-Y
479,Online-Y
480,Online-Y
481,Online-Y
482,Online-Y
486,Online-Y
489,Online-Y
492,Online-Y
495,Online-Y
496,Online-Y
497,Online-Y
498,Online-Y
499,Online-Y
500,Online-Y
501,Online-Y
502,Online-Y
504,Online-Y
505,Online-Y
507,Online-Y
508,Online-Y
509,Online-Y
514,Online-Y
515,Online-Y
516,Online-Y
517,Online-Y
543,Online-Y
544,Online-Y
545,Online-Y
546,Online-Y
547,Online-Y
548,Online-Y
549,Online-Y
550,Online-Y
551,Online-Y
553,Online-Y
556,Online-Y
557,Online-Y
558,Online-Y
559,Online-Y
560,Online-Y
562,Online-Y
563,Online-Y
576,Online-Y
583,Online-Y
585,Online-Y
586,Online-Y
587,Online-Y
591,Online-Y
596,Online-Y
601,Online-Y
620,Online-Y
622,Online-Y
623,Online-Y
624,Online-Y
625,Online-Y
626,Online-Y
627,Online-Y
628,Online-Y
629,Online-Y
630,Online-Y
631,Online-Y
632,Online-Y
633,Online-Y
634,Online-Y
635,Online-Y
636,Online-Y
637,Online-Y
638,Online-Y
639,Online-Y
640,Online-Y
641,Online-Y
643,Online-Y
647,Online-Y
648,Online-Y
649,Online-Y
653,Online-Y
654,Online-Y
656,Online-Y
658,Online-Y
665,Online-Y
669,Online-Y
670,Online-Y
672,Online-Y
673,Online-Y
674,Online-Y
675,Online-Y
678,Online-Y
679,Online-Y
684,Online-Y
686,Online-Y
689,Online-Y
691,Online-Y
692,Online-Y
693,Online-Y
695,Online-Y
697,Online-Y
703,Online-Y
705,Online-Y
706,Online-Y
709,Online-Y
710,Online-Y
711,Online-Y
715,Online-Y
722,Online-Y
723,Online-Y
724,Online-Y
725,Online-Y
726,Online-Y
728,Online-Y
729,Online-Y
730,Online-Y
731,Online-Y
732,Online-Y
733,Online-Y
734,Online-Y
735,Online-Y
736,Online-Y
737,Online-Y
739,Online-Y
741,Online-Y
742,Online-Y
743,Online-Y
745,Online-Y
746,Online-Y
747,Online-Y
748,Online-Y
750,Online-Y
751,Online-Y
752,Online-Y
753,Online-Y
754,Online-Y
755,Online-Y
756,Online-Y
758,Online-Y
760,Online-Y
761,Online-Y
762,Online-Y
763,Online-Y
764,Online-Y
765,Online-Y
766,Online-Y
767,Online-Y
768,Online-Y
769,Online-Y
770,Online-Y
771,Online-Y
772,Online-Y
773,Online-Y
774,Online-Y
775,Online-Y
777,Online-Y
778,Online-Y
779,Online-Y
780,Online-Y
781,Online-Y
782,Online-Y
783,Online-Y
785,Online-Y
786,Online-Y
787,Online-Y
788,Online-Y
789,Online-Y
790,Online-Y
791,Online-Y
792,Online-Y
793,Online-Y
794,Online-Y
795,Online-Y
797,Online-Y
800,Online-Y
803,Online-Y
807,Online-Y
832,Online-Y
834,Online-Y
835,Online-Y
836,Online-Y
838,Online-Y
839,Online-Y
840,Online-Y
841,Online-Y
842,Online-Y
858,Online-Y
859,Online-Y
860,Online-Y
861,Online-Y
862,Online-Y
863,Online-Y
864,Online-Y
865,Online-Y
866,Online-Y
867,Online-Y
868,Online-Y
869,Online-Y
870,Online-Y
871,Online-Y
872,Online-Y
873,Online-Y
874,Online-Y
875,Online-Y
876,Online-Y
877,Online-Y
878,Online-Y
879,Online-Y
880,Online-Y
881,Online-Y
882,Online-Y
883,Online-Y
884,Online-Y
885,Online-Y
886,Online-Y
887,Online-Y
888,Online-Y
889,Online-Y
890,Online-Y
891,Online-Y
892,Online-Y
893,Online-Y
894,Online-Y
895,Online-Y
896,Online-Y
897,Online-Y
899,Online-Y
900,Online-Y
901,Online-Y
902,Online-Y
915,Online-Y
917,Online-Y
920,Online-Y
921,Online-Y
922,Online-Y
923,Online-Y
925,Online-Y
926,Online-Y
927,Online-Y
928,Online-Y
929,Online-Y
930,Online-Y
931,Online-Y
932,Online-Y
934,Online-Y
938,Online-Y
939,Online-Y
944,Online-Y
945,Online-Y
947,Online-Y
948,Online-Y
949,Online-Y
950,Online-Y
952,Online-Y
954,Online-Y
955,Online-Y
956,Online-Y
957,Online-Y
958,Online-Y
960,Online-Y
961,Online-Y
966,Online-Y
968,Online-Y
969,Online-Y
971,Online-Y
972,Online-Y
973,Online-Y
974,Online-Y
981,Online-Y
982,Online-Y
983,Online-Y
984,Online-Y
985,Online-Y
986,Online-Y
987,Online-Y
988,Online-Y
989,Online-Y
990,Online-Y
991,Online-Y
992,Online-Y
993,Online-Y
994,Online-Y
995,Online-Y
996,Online-Y
997,Online-Y
998,Online-Y
999,Online-Y
1000,Online-Y
1001,Online-Y
1002,Online-Y
1,Facebook-AI
2,Facebook-AI
3,Facebook-AI
4,Facebook-AI
5,Facebook-AI
6,Facebook-AI
7,Facebook-AI
8,Facebook-AI
9,Facebook-AI
10,Facebook-AI
11,Facebook-AI
12,Facebook-AI
13,Facebook-AI
14,Facebook-AI
15,Facebook-AI
16,Facebook-AI
17,Facebook-AI
18,Facebook-AI
19,Facebook-AI
20,Facebook-AI
21,Facebook-AI
22,Facebook-AI
23,Facebook-AI
24,Facebook-AI
25,Facebook-AI
26,Facebook-AI
27,Facebook-AI
28,Facebook-AI
29,Facebook-AI
30,Facebook-AI
31,Facebook-AI
32,Facebook-AI
33,Facebook-AI
34,Facebook-AI
35,Facebook-AI
36,Facebook-AI
37,Facebook-AI
38,Facebook-AI
39,Facebook-AI
40,Facebook-AI
41,Facebook-AI
42,Facebook-AI
43,Facebook-AI
44,Facebook-AI
45,Facebook-AI
46,Facebook-AI
47,Facebook-AI
48,Facebook-AI
49,Facebook-AI
50,Facebook-AI
51,Facebook-AI
52,Facebook-AI
64,Facebook-AI
65,Facebook-AI
66,Facebook-AI
67,Facebook-AI
68,Facebook-AI
69,Facebook-AI
70,Facebook-AI
71,Facebook-AI
72,Facebook-AI
73,Facebook-AI
74,Facebook-AI
75,Facebook-AI
76,Facebook-AI
77,Facebook-AI
79,Facebook-AI
80,Facebook-AI
81,Facebook-AI
82,Facebook-AI
83,Facebook-AI
84,Facebook-AI
85,Facebook-AI
86,Facebook-AI
88,Facebook-AI
89,Facebook-AI
90,Facebook-AI
91,Facebook-AI
92,Facebook-AI
93,Facebook-AI
94,Facebook-AI
95,Facebook-AI
100,Facebook-AI
102,Facebook-AI
103,Facebook-AI
104,Facebook-AI
105,Facebook-AI
107,Facebook-AI
113,Facebook-AI
115,Facebook-AI
116,Facebook-AI
118,Facebook-AI
119,Facebook-AI
120,Facebook-AI
121,Facebook-AI
122,Facebook-AI
123,Facebook-AI
124,Facebook-AI
125,Facebook-AI
126,Facebook-AI
127,Facebook-AI
128,Facebook-AI
129,Facebook-AI
130,Facebook-AI
131,Facebook-AI
145,Facebook-AI
146,Facebook-AI
147,Facebook-AI
148,Facebook-AI
149,Facebook-AI
150,Facebook-AI
151,Facebook-AI
152,Facebook-AI
153,Facebook-AI
154,Facebook-AI
155,Facebook-AI
156,Facebook-AI
157,Facebook-AI
158,Facebook-AI
159,Facebook-AI
160,Facebook-AI
161,Facebook-AI
162,Facebook-AI
163,Facebook-AI
164,Facebook-AI
165,Facebook-AI
166,Facebook-AI
167,Facebook-AI
168,Facebook-AI
169,Facebook-AI
177,Facebook-AI
178,Facebook-AI
179,Facebook-AI
180,Facebook-AI
190,Facebook-AI
191,Facebook-AI
192,Facebook-AI
193,Facebook-AI
196,Facebook-AI
198,Facebook-AI
199,Facebook-AI
200,Facebook-AI
201,Facebook-AI
202,Facebook-AI
203,Facebook-AI
204,Facebook-AI
205,Facebook-AI
206,Facebook-AI
207,Facebook-AI
208,Facebook-AI
209,Facebook-AI
210,Facebook-AI
212,Facebook-AI
213,Facebook-AI
214,Facebook-AI
215,Facebook-AI
216,Facebook-AI
217,Facebook-AI
218,Facebook-AI
219,Facebook-AI
220,Facebook-AI
221,Facebook-AI
222,Facebook-AI
223,Facebook-AI
227,Facebook-AI
228,Facebook-AI
229,Facebook-AI
230,Facebook-AI
231,Facebook-AI
232,Facebook-AI
233,Facebook-AI
234,Facebook-AI
235,Facebook-AI
236,Facebook-AI
237,Facebook-AI
238,Facebook-AI
239,Facebook-AI
240,Facebook-AI
241,Facebook-AI
242,Facebook-AI
243,Facebook-AI
244,Facebook-AI
245,Facebook-AI
246,Facebook-AI
247,Facebook-AI
248,Facebook-AI
249,Facebook-AI
250,Facebook-AI
251,Facebook-AI
252,Facebook-AI
253,Facebook-AI
262,Facebook-AI
265,Facebook-AI
266,Facebook-AI
268,Facebook-AI
281,Facebook-AI
282,Facebook-AI
283,Facebook-AI
284,Facebook-AI
285,Facebook-AI
286,Facebook-AI
287,Facebook-AI
288,Facebook-AI
289,Facebook-AI
290,Facebook-AI
291,Facebook-AI
292,Facebook-AI
293,Facebook-AI
306,Facebook-AI
307,Facebook-AI
308,Facebook-AI
309,Facebook-AI
310,Facebook-AI
311,Facebook-AI
312,Facebook-AI
313,Facebook-AI
314,Facebook-AI
315,Facebook-AI
316,Facebook-AI
317,Facebook-AI
318,Facebook-AI
320,Facebook-AI
321,Facebook-AI
322,Facebook-AI
323,Facebook-AI
324,Facebook-AI
334,Facebook-AI
398,Facebook-AI
411,Facebook-AI
413,Facebook-AI
414,Facebook-AI
415,Facebook-AI
416,Facebook-AI
417,Facebook-AI
418,Facebook-AI
419,Facebook-AI
420,Facebook-AI
421,Facebook-AI
422,Facebook-AI
423,Facebook-AI
425,Facebook-AI
426,Facebook-AI
427,Facebook-AI
428,Facebook-AI
429,Facebook-AI
444,Facebook-AI
446,Facebook-AI
447,Facebook-AI
448,Facebook-AI
450,Facebook-AI
451,Facebook-AI
452,Facebook-AI
453,Facebook-AI
454,Facebook-AI
455,Facebook-AI
457,Facebook-AI
458,Facebook-AI
459,Facebook-AI
460,Facebook-AI
461,Facebook-AI
462,Facebook-AI
463,Facebook-AI
464,Facebook-AI
465,Facebook-AI
466,Facebook-AI
469,Facebook-AI
470,Facebook-AI
473,Facebook-AI
474,Facebook-AI
475,Facebook-AI
476,Facebook-AI
477,Facebook-AI
478,Facebook-AI
479,Facebook-AI
480,Facebook-AI
494,Facebook-AI
495,Facebook-AI
496,Facebook-AI
497,Facebook-AI
498,Facebook-AI
499,Facebook-AI
500,Facebook-AI
501,Facebook-AI
502,Facebook-AI
503,Facebook-AI
504,Facebook-AI
505,Facebook-AI
506,Facebook-AI
507,Facebook-AI
508,Facebook-AI
510,Facebook-AI
511,Facebook-AI
512,Facebook-AI
518,Facebook-AI
519,Facebook-AI
520,Facebook-AI
521,Facebook-AI
522,Facebook-AI
523,Facebook-AI
524,Facebook-AI
525,Facebook-AI
526,Facebook-AI
527,Facebook-AI
528,Facebook-AI
529,Facebook-AI
530,Facebook-AI
531,Facebook-AI
532,Facebook-AI
534,Facebook-AI
535,Facebook-AI
536,Facebook-AI
537,Facebook-AI
538,Facebook-AI
539,Facebook-AI
540,Facebook-AI
541,Facebook-AI
542,Facebook-AI
543,Facebook-AI
544,Facebook-AI
545,Facebook-AI
546,Facebook-AI
547,Facebook-AI
548,Facebook-AI
549,Facebook-AI
550,Facebook-AI
551,Facebook-AI
552,Facebook-AI
553,Facebook-AI
581,Facebook-AI
582,Facebook-AI
583,Facebook-AI
586,Facebook-AI
588,Facebook-AI
590,Facebook-AI
591,Facebook-AI
592,Facebook-AI
594,Facebook-AI
595,Facebook-AI
596,Facebook-AI
597,Facebook-AI
598,Facebook-AI
599,Facebook-AI
600,Facebook-AI
601,Facebook-AI
603,Facebook-AI
604,Facebook-AI
605,Facebook-AI
606,Facebook-AI
608,Facebook-AI
609,Facebook-AI
610,Facebook-AI
611,Facebook-AI
612,Facebook-AI
613,Facebook-AI
614,Facebook-AI
616,Facebook-AI
617,Facebook-AI
618,Facebook-AI
619,Facebook-AI
620,Facebook-AI
623,Facebook-AI
624,Facebook-AI
625,Facebook-AI
626,Facebook-AI
627,Facebook-AI
628,Facebook-AI
629,Facebook-AI
630,Facebook-AI
631,Facebook-AI
632,Facebook-AI
633,Facebook-AI
634,Facebook-AI
635,Facebook-AI
636,Facebook-AI
637,Facebook-AI
638,Facebook-AI
639,Facebook-AI
640,Facebook-AI
643,Facebook-AI
644,Facebook-AI
646,Facebook-AI
647,Facebook-AI
649,Facebook-AI
650,Facebook-AI
651,Facebook-AI
652,Facebook-AI
653,Facebook-AI
654,Facebook-AI
656,Facebook-AI
657,Facebook-AI
658,Facebook-AI
659,Facebook-AI
661,Facebook-AI
662,Facebook-AI
663,Facebook-AI
664,Facebook-AI
672,Facebook-AI
673,Facebook-AI
674,Facebook-AI
681,Facebook-AI
682,Facebook-AI
683,Facebook-AI
684,Facebook-AI
685,Facebook-AI
686,Facebook-AI
687,Facebook-AI
688,Facebook-AI
689,Facebook-AI
690,Facebook-AI
691,Facebook-AI
692,Facebook-AI
693,Facebook-AI
694,Facebook-AI
695,Facebook-AI
696,Facebook-AI
697,Facebook-AI
701,Facebook-AI
703,Facebook-AI
704,Facebook-AI
705,Facebook-AI
706,Facebook-AI
707,Facebook-AI
708,Facebook-AI
710,Facebook-AI
711,Facebook-AI
713,Facebook-AI
714,Facebook-AI
715,Facebook-AI
716,Facebook-AI
717,Facebook-AI
718,Facebook-AI
719,Facebook-AI
720,Facebook-AI
721,Facebook-AI
722,Facebook-AI
723,Facebook-AI
724,Facebook-AI
725,Facebook-AI
726,Facebook-AI
727,Facebook-AI
728,Facebook-AI
729,Facebook-AI
730,Facebook-AI
731,Facebook-AI
732,Facebook-AI
733,Facebook-AI
734,Facebook-AI
736,Facebook-AI
737,Facebook-AI
738,Facebook-AI
740,Facebook-AI
741,Facebook-AI
743,Facebook-AI
744,Facebook-AI
745,Facebook-AI
746,Facebook-AI
747,Facebook-AI
750,Facebook-AI
751,Facebook-AI
752,Facebook-AI
753,Facebook-AI
755,Facebook-AI
756,Facebook-AI
757,Facebook-AI
758,Facebook-AI
760,Facebook-AI
761,Facebook-AI
762,Facebook-AI
763,Facebook-AI
764,Facebook-AI
765,Facebook-AI
766,Facebook-AI
767,Facebook-AI
768,Facebook-AI
769,Facebook-AI
770,Facebook-AI
771,Facebook-AI
772,Facebook-AI
774,Facebook-AI
775,Facebook-AI
776,Facebook-AI
777,Facebook-AI
778,Facebook-AI
779,Facebook-AI
780,Facebook-AI
781,Facebook-AI
782,Facebook-AI
783,Facebook-AI
784,Facebook-AI
787,Facebook-AI
788,Facebook-AI
789,Facebook-AI
791,Facebook-AI
792,Facebook-AI
794,Facebook-AI
801,Facebook-AI
807,Facebook-AI
809,Facebook-AI
810,Facebook-AI
811,Facebook-AI
812,Facebook-AI
813,Facebook-AI
815,Facebook-AI
816,Facebook-AI
817,Facebook-AI
819,Facebook-AI
822,Facebook-AI
823,Facebook-AI
824,Facebook-AI
825,Facebook-AI
826,Facebook-AI
827,Facebook-AI
844,Facebook-AI
846,Facebook-AI
848,Facebook-AI
852,Facebook-AI
853,Facebook-AI
854,Facebook-AI
855,Facebook-AI
856,Facebook-AI
858,Facebook-AI
863,Facebook-AI
865,Facebook-AI
866,Facebook-AI
868,Facebook-AI
869,Facebook-AI
870,Facebook-AI
871,Facebook-AI
872,Facebook-AI
873,Facebook-AI
874,Facebook-AI
875,Facebook-AI
876,Facebook-AI
877,Facebook-AI
878,Facebook-AI
879,Facebook-AI
880,Facebook-AI
881,Facebook-AI
883,Facebook-AI
884,Facebook-AI
885,Facebook-AI
886,Facebook-AI
887,Facebook-AI
888,Facebook-AI
890,Facebook-AI
891,Facebook-AI
892,Facebook-AI
894,Facebook-AI
896,Facebook-AI
897,Facebook-AI
898,Facebook-AI
899,Facebook-AI
900,Facebook-AI
901,Facebook-AI
902,Facebook-AI
903,Facebook-AI
904,Facebook-AI
905,Facebook-AI
906,Facebook-AI
907,Facebook-AI
910,Facebook-AI
913,Facebook-AI
915,Facebook-AI
916,Facebook-AI
917,Facebook-AI
918,Facebook-AI
919,Facebook-AI
920,Facebook-AI
922,Facebook-AI
923,Facebook-AI
925,Facebook-AI
926,Facebook-AI
927,Facebook-AI
928,Facebook-AI
930,Facebook-AI
931,Facebook-AI
932,Facebook-AI
933,Facebook-AI
934,Facebook-AI
935,Facebook-AI
936,Facebook-AI
937,Facebook-AI
939,Facebook-AI
941,Facebook-AI
942,Facebook-AI
943,Facebook-AI
945,Facebook-AI
946,Facebook-AI
948,Facebook-AI
949,Facebook-AI
950,Facebook-AI
952,Facebook-AI
953,Facebook-AI
954,Facebook-AI
955,Facebook-AI
956,Facebook-AI
957,Facebook-AI
958,Facebook-AI
959,Facebook-AI
960,Facebook-AI
961,Facebook-AI
962,Facebook-AI
963,Facebook-AI
964,Facebook-AI
965,Facebook-AI
982,Facebook-AI
983,Facebook-AI
984,Facebook-AI
985,Facebook-AI
986,Facebook-AI
987,Facebook-AI
988,Facebook-AI
1001,Facebook-AI
1,NiuTrans
2,NiuTrans
3,NiuTrans
5,NiuTrans
6,NiuTrans
9,NiuTrans
10,NiuTrans
11,NiuTrans
13,NiuTrans
15,NiuTrans
17,NiuTrans
18,NiuTrans
19,NiuTrans
20,NiuTrans
21,NiuTrans
22,NiuTrans
23,NiuTrans
26,NiuTrans
38,NiuTrans
43,NiuTrans
47,NiuTrans
57,NiuTrans
60,NiuTrans
71,NiuTrans
72,NiuTrans
73,NiuTrans
75,NiuTrans
99,NiuTrans
103,NiuTrans
111,NiuTrans
118,NiuTrans
121,NiuTrans
122,NiuTrans
124,NiuTrans
126,NiuTrans
128,NiuTrans
129,NiuTrans
130,NiuTrans
133,NiuTrans
134,NiuTrans
136,NiuTrans
137,NiuTrans
138,NiuTrans
139,NiuTrans
140,NiuTrans
141,NiuTrans
142,NiuTrans
143,NiuTrans
144,NiuTrans
145,NiuTrans
146,NiuTrans
147,NiuTrans
148,NiuTrans
149,NiuTrans
150,NiuTrans
151,NiuTrans
152,NiuTrans
153,NiuTrans
154,NiuTrans
155,NiuTrans
156,NiuTrans
157,NiuTrans
158,NiuTrans
159,NiuTrans
160,NiuTrans
161,NiuTrans
162,NiuTrans
163,NiuTrans
164,NiuTrans
165,NiuTrans
166,NiuTrans
167,NiuTrans
168,NiuTrans
169,NiuTrans
190,NiuTrans
200,NiuTrans
266,NiuTrans
267,NiuTrans
268,NiuTrans
269,NiuTrans
270,NiuTrans
271,NiuTrans
273,NiuTrans
274,NiuTrans
275,NiuTrans
276,NiuTrans
277,NiuTrans
278,NiuTrans
294,NiuTrans
295,NiuTrans
296,NiuTrans
297,NiuTrans
298,NiuTrans
300,NiuTrans
301,NiuTrans
302,NiuTrans
303,NiuTrans
304,NiuTrans
305,NiuTrans
306,NiuTrans
307,NiuTrans
308,NiuTrans
309,NiuTrans
311,NiuTrans
312,NiuTrans
313,NiuTrans
314,NiuTrans
315,NiuTrans
316,NiuTrans
317,NiuTrans
318,NiuTrans
320,NiuTrans
321,NiuTrans
322,NiuTrans
323,NiuTrans
324,NiuTrans
325,NiuTrans
351,NiuTrans
352,NiuTrans
353,NiuTrans
356,NiuTrans
357,NiuTrans
358,NiuTrans
360,NiuTrans
361,NiuTrans
364,NiuTrans
365,NiuTrans
366,NiuTrans
367,NiuTrans
368,NiuTrans
369,NiuTrans
370,NiuTrans
374,NiuTrans
375,NiuTrans
377,NiuTrans
379,NiuTrans
381,NiuTrans
383,NiuTrans
385,NiuTrans
388,NiuTrans
389,NiuTrans
390,NiuTrans
391,NiuTrans
393,NiuTrans
394,NiuTrans
395,NiuTrans
396,NiuTrans
398,NiuTrans
403,NiuTrans
404,NiuTrans
405,NiuTrans
406,NiuTrans
408,NiuTrans
409,NiuTrans
457,NiuTrans
458,NiuTrans
460,NiuTrans
461,NiuTrans
464,NiuTrans
465,NiuTrans
470,NiuTrans
471,NiuTrans
472,NiuTrans
478,NiuTrans
481,NiuTrans
494,NiuTrans
495,NiuTrans
496,NiuTrans
497,NiuTrans
498,NiuTrans
499,NiuTrans
500,NiuTrans
501,NiuTrans
502,NiuTrans
503,NiuTrans
504,NiuTrans
505,NiuTrans
506,NiuTrans
507,NiuTrans
508,NiuTrans
509,NiuTrans
510,NiuTrans
511,NiuTrans
512,NiuTrans
514,NiuTrans
515,NiuTrans
516,NiuTrans
518,NiuTrans
519,NiuTrans
520,NiuTrans
522,NiuTrans
523,NiuTrans
524,NiuTrans
526,NiuTrans
527,NiuTrans
528,NiuTrans
530,NiuTrans
535,NiuTrans
538,NiuTrans
539,NiuTrans
540,NiuTrans
543,NiuTrans
544,NiuTrans
547,NiuTrans
548,NiuTrans
549,NiuTrans
550,NiuTrans
551,NiuTrans
552,NiuTrans
554,NiuTrans
555,NiuTrans
556,NiuTrans
557,NiuTrans
558,NiuTrans
559,NiuTrans
560,NiuTrans
561,NiuTrans
562,NiuTrans
563,NiuTrans
564,NiuTrans
581,NiuTrans
582,NiuTrans
583,NiuTrans
584,NiuTrans
585,NiuTrans
586,NiuTrans
589,NiuTrans
590,NiuTrans
591,NiuTrans
592,NiuTrans
594,NiuTrans
596,NiuTrans
597,NiuTrans
599,NiuTrans
600,NiuTrans
601,NiuTrans
603,NiuTrans
604,NiuTrans
605,NiuTrans
606,NiuTrans
608,NiuTrans
610,NiuTrans
611,NiuTrans
613,NiuTrans
614,NiuTrans
620,NiuTrans
622,NiuTrans
623,NiuTrans
624,NiuTrans
627,NiuTrans
628,NiuTrans
629,NiuTrans
630,NiuTrans
631,NiuTrans
632,NiuTrans
633,NiuTrans
635,NiuTrans
636,NiuTrans
638,NiuTrans
639,NiuTrans
640,NiuTrans
642,NiuTrans
643,NiuTrans
644,NiuTrans
645,NiuTrans
646,NiuTrans
647,NiuTrans
648,NiuTrans
649,NiuTrans
650,NiuTrans
651,NiuTrans
652,NiuTrans
653,NiuTrans
654,NiuTrans
655,NiuTrans
657,NiuTrans
658,NiuTrans
659,NiuTrans
661,NiuTrans
663,NiuTrans
665,NiuTrans
666,NiuTrans
667,NiuTrans
668,NiuTrans
669,NiuTrans
670,NiuTrans
671,NiuTrans
672,NiuTrans
673,NiuTrans
674,NiuTrans
675,NiuTrans
676,NiuTrans
677,NiuTrans
678,NiuTrans
679,NiuTrans
680,NiuTrans
714,NiuTrans
715,NiuTrans
717,NiuTrans
719,NiuTrans
720,NiuTrans
722,NiuTrans
723,NiuTrans
724,NiuTrans
725,NiuTrans
726,NiuTrans
727,NiuTrans
728,NiuTrans
729,NiuTrans
730,NiuTrans
731,NiuTrans
732,NiuTrans
733,NiuTrans
736,NiuTrans
738,NiuTrans
739,NiuTrans
741,NiuTrans
742,NiuTrans
743,NiuTrans
744,NiuTrans
745,NiuTrans
747,NiuTrans
748,NiuTrans
750,NiuTrans
751,NiuTrans
752,NiuTrans
753,NiuTrans
754,NiuTrans
755,NiuTrans
756,NiuTrans
757,NiuTrans
760,NiuTrans
761,NiuTrans
762,NiuTrans
763,NiuTrans
764,NiuTrans
765,NiuTrans
766,NiuTrans
767,NiuTrans
768,NiuTrans
769,NiuTrans
770,NiuTrans
771,NiuTrans
772,NiuTrans
773,NiuTrans
775,NiuTrans
782,NiuTrans
796,NiuTrans
797,NiuTrans
799,NiuTrans
802,NiuTrans
803,NiuTrans
807,NiuTrans
809,NiuTrans
815,NiuTrans
816,NiuTrans
817,NiuTrans
826,NiuTrans
828,NiuTrans
829,NiuTrans
830,NiuTrans
831,NiuTrans
833,NiuTrans
834,NiuTrans
835,NiuTrans
836,NiuTrans
837,NiuTrans
840,NiuTrans
841,NiuTrans
847,NiuTrans
851,NiuTrans
852,NiuTrans
855,NiuTrans
857,NiuTrans
858,NiuTrans
859,NiuTrans
860,NiuTrans
863,NiuTrans
864,NiuTrans
868,NiuTrans
870,NiuTrans
871,NiuTrans
873,NiuTrans
875,NiuTrans
876,NiuTrans
879,NiuTrans
881,NiuTrans
882,NiuTrans
883,NiuTrans
884,NiuTrans
886,NiuTrans
887,NiuTrans
889,NiuTrans
890,NiuTrans
915,NiuTrans
916,NiuTrans
917,NiuTrans
919,NiuTrans
920,NiuTrans
921,NiuTrans
922,NiuTrans
923,NiuTrans
924,NiuTrans
933,NiuTrans
934,NiuTrans
935,NiuTrans
936,NiuTrans
937,NiuTrans
938,NiuTrans
939,NiuTrans
940,NiuTrans
949,NiuTrans
955,NiuTrans
956,NiuTrans
958,NiuTrans
959,NiuTrans
960,NiuTrans
961,NiuTrans
975,NiuTrans
981,NiuTrans
982,NiuTrans
983,NiuTrans
984,NiuTrans
985,NiuTrans
986,NiuTrans
987,NiuTrans
988,NiuTrans
989,NiuTrans
990,NiuTrans
993,NiuTrans
994,NiuTrans
995,NiuTrans
996,NiuTrans
999,NiuTrans
1000,NiuTrans
1001,NiuTrans
1002,NiuTrans
1,Online-B
2,Online-B
10,Online-B
11,Online-B
20,Online-B
23,Online-B
28,Online-B
30,Online-B
35,Online-B
37,Online-B
39,Online-B
43,Online-B
46,Online-B
47,Online-B
49,Online-B
53,Online-B
54,Online-B
56,Online-B
57,Online-B
58,Online-B
59,Online-B
60,Online-B
62,Online-B
77,Online-B
79,Online-B
80,Online-B
81,Online-B
82,Online-B
83,Online-B
84,Online-B
85,Online-B
86,Online-B
87,Online-B
88,Online-B
89,Online-B
90,Online-B
94,Online-B
95,Online-B
96,Online-B
98,Online-B
99,Online-B
100,Online-B
101,Online-B
102,Online-B
103,Online-B
104,Online-B
105,Online-B
106,Online-B
107,Online-B
108,Online-B
110,Online-B
111,Online-B
113,Online-B
114,Online-B
116,Online-B
118,Online-B
119,Online-B
120,Online-B
121,Online-B
122,Online-B
123,Online-B
124,Online-B
125,Online-B
126,Online-B
127,Online-B
128,Online-B
129,Online-B
130,Online-B
132,Online-B
133,Online-B
134,Online-B
136,Online-B
138,Online-B
139,Online-B
140,Online-B
141,Online-B
142,Online-B
143,Online-B
144,Online-B
145,Online-B
146,Online-B
147,Online-B
148,Online-B
149,Online-B
150,Online-B
151,Online-B
152,Online-B
153,Online-B
154,Online-B
155,Online-B
156,Online-B
157,Online-B
158,Online-B
159,Online-B
160,Online-B
161,Online-B
162,Online-B
163,Online-B
164,Online-B
165,Online-B
166,Online-B
167,Online-B
168,Online-B
169,Online-B
170,Online-B
171,Online-B
172,Online-B
173,Online-B
174,Online-B
176,Online-B
177,Online-B
178,Online-B
179,Online-B
180,Online-B
182,Online-B
183,Online-B
184,Online-B
185,Online-B
186,Online-B
187,Online-B
188,Online-B
203,Online-B
208,Online-B
210,Online-B
212,Online-B
216,Online-B
217,Online-B
223,Online-B
248,Online-B
266,Online-B
267,Online-B
268,Online-B
269,Online-B
271,Online-B
273,Online-B
275,Online-B
277,Online-B
278,Online-B
281,Online-B
282,Online-B
283,Online-B
284,Online-B
285,Online-B
286,Online-B
289,Online-B
290,Online-B
291,Online-B
292,Online-B
293,Online-B
298,Online-B
300,Online-B
301,Online-B
302,Online-B
303,Online-B
309,Online-B
311,Online-B
312,Online-B
313,Online-B
314,Online-B
315,Online-B
322,Online-B
324,Online-B
330,Online-B
331,Online-B
334,Online-B
335,Online-B
342,Online-B
343,Online-B
344,Online-B
345,Online-B
347,Online-B
349,Online-B
350,Online-B
351,Online-B
352,Online-B
353,Online-B
354,Online-B
355,Online-B
356,Online-B
357,Online-B
358,Online-B
359,Online-B
360,Online-B
361,Online-B
362,Online-B
363,Online-B
364,Online-B
365,Online-B
366,Online-B
367,Online-B
368,Online-B
369,Online-B
370,Online-B
371,Online-B
372,Online-B
373,Online-B
374,Online-B
376,Online-B
377,Online-B
378,Online-B
379,Online-B
380,Online-B
381,Online-B
382,Online-B
383,Online-B
384,Online-B
385,Online-B
386,Online-B
387,Online-B
388,Online-B
389,Online-B
390,Online-B
392,Online-B
393,Online-B
394,Online-B
395,Online-B
396,Online-B
398,Online-B
399,Online-B
400,Online-B
411,Online-B
430,Online-B
431,Online-B
433,Online-B
434,Online-B
435,Online-B
436,Online-B
438,Online-B
439,Online-B
440,Online-B
441,Online-B
442,Online-B
457,Online-B
458,Online-B
460,Online-B
461,Online-B
463,Online-B
464,Online-B
465,Online-B
466,Online-B
467,Online-B
469,Online-B
470,Online-B
471,Online-B
472,Online-B
473,Online-B
474,Online-B
475,Online-B
476,Online-B
477,Online-B
478,Online-B
479,Online-B
480,Online-B
481,Online-B
482,Online-B
494,Online-B
495,Online-B
496,Online-B
497,Online-B
499,Online-B
500,Online-B
501,Online-B
504,Online-B
505,Online-B
506,Online-B
508,Online-B
510,Online-B
511,Online-B
513,Online-B
514,Online-B
515,Online-B
516,Online-B
517,Online-B
518,Online-B
543,Online-B
561,Online-B
565,Online-B
566,Online-B
567,Online-B
568,Online-B
569,Online-B
571,Online-B
572,Online-B
573,Online-B
574,Online-B
575,Online-B
576,Online-B
577,Online-B
578,Online-B
579,Online-B
580,Online-B
581,Online-B
582,Online-B
583,Online-B
585,Online-B
586,Online-B
587,Online-B
588,Online-B
589,Online-B
590,Online-B
591,Online-B
592,Online-B
603,Online-B
604,Online-B
605,Online-B
606,Online-B
607,Online-B
608,Online-B
609,Online-B
610,Online-B
611,Online-B
612,Online-B
613,Online-B
614,Online-B
615,Online-B
616,Online-B
617,Online-B
618,Online-B
619,Online-B
620,Online-B
621,Online-B
631,Online-B
632,Online-B
656,Online-B
657,Online-B
658,Online-B
659,Online-B
661,Online-B
662,Online-B
663,Online-B
684,Online-B
697,Online-B
698,Online-B
699,Online-B
700,Online-B
701,Online-B
702,Online-B
703,Online-B
704,Online-B
705,Online-B
706,Online-B
707,Online-B
708,Online-B
709,Online-B
710,Online-B
711,Online-B
712,Online-B
718,Online-B
720,Online-B
734,Online-B
735,Online-B
736,Online-B
737,Online-B
738,Online-B
739,Online-B
740,Online-B
741,Online-B
742,Online-B
743,Online-B
744,Online-B
745,Online-B
746,Online-B
747,Online-B
748,Online-B
750,Online-B
751,Online-B
752,Online-B
753,Online-B
754,Online-B
755,Online-B
756,Online-B
757,Online-B
758,Online-B
759,Online-B
760,Online-B
761,Online-B
762,Online-B
764,Online-B
765,Online-B
766,Online-B
767,Online-B
768,Online-B
769,Online-B
770,Online-B
771,Online-B
772,Online-B
773,Online-B
774,Online-B
775,Online-B
776,Online-B
777,Online-B
779,Online-B
781,Online-B
784,Online-B
785,Online-B
786,Online-B
787,Online-B
788,Online-B
789,Online-B
790,Online-B
791,Online-B
793,Online-B
794,Online-B
795,Online-B
796,Online-B
797,Online-B
798,Online-B
799,Online-B
800,Online-B
801,Online-B
802,Online-B
803,Online-B
804,Online-B
805,Online-B
806,Online-B
807,Online-B
808,Online-B
832,Online-B
833,Online-B
834,Online-B
836,Online-B
837,Online-B
838,Online-B
840,Online-B
841,Online-B
842,Online-B
843,Online-B
846,Online-B
847,Online-B
848,Online-B
852,Online-B
855,Online-B
857,Online-B
858,Online-B
859,Online-B
860,Online-B
863,Online-B
864,Online-B
865,Online-B
866,Online-B
867,Online-B
868,Online-B
869,Online-B
870,Online-B
871,Online-B
872,Online-B
873,Online-B
874,Online-B
875,Online-B
876,Online-B
877,Online-B
878,Online-B
880,Online-B
881,Online-B
882,Online-B
884,Online-B
886,Online-B
887,Online-B
888,Online-B
889,Online-B
890,Online-B
891,Online-B
892,Online-B
893,Online-B
894,Online-B
895,Online-B
896,Online-B
897,Online-B
898,Online-B
899,Online-B
900,Online-B
903,Online-B
905,Online-B
906,Online-B
907,Online-B
908,Online-B
909,Online-B
910,Online-B
911,Online-B
912,Online-B
913,Online-B
914,Online-B
916,Online-B
917,Online-B
918,Online-B
919,Online-B
920,Online-B
921,Online-B
922,Online-B
923,Online-B
924,Online-B
930,Online-B
933,Online-B
934,Online-B
935,Online-B
936,Online-B
937,Online-B
938,Online-B
939,Online-B
940,Online-B
942,Online-B
943,Online-B
944,Online-B
946,Online-B
947,Online-B
948,Online-B
949,Online-B
950,Online-B
951,Online-B
952,Online-B
953,Online-B
954,Online-B
955,Online-B
956,Online-B
957,Online-B
958,Online-B
959,Online-B
960,Online-B
961,Online-B
962,Online-B
963,Online-B
965,Online-B
968,Online-B
970,Online-B
972,Online-B
973,Online-B
981,Online-B
982,Online-B
983,Online-B
984,Online-B
985,Online-B
987,Online-B
988,Online-B
989,Online-B
990,Online-B
991,Online-B
992,Online-B
993,Online-B
994,Online-B
995,Online-B
996,Online-B
997,Online-B
998,Online-B
999,Online-B
1000,Online-B
1001,Online-B
1002,Online-B
1,Online-W
5,Online-W
6,Online-W
8,Online-W
13,Online-W
15,Online-W
17,Online-W
19,Online-W
20,Online-W
21,Online-W
22,Online-W
23,Online-W
24,Online-W
25,Online-W
28,Online-W
29,Online-W
30,Online-W
31,Online-W
32,Online-W
33,Online-W
34,Online-W
35,Online-W
36,Online-W
37,Online-W
38,Online-W
39,Online-W
40,Online-W
41,Online-W
42,Online-W
43,Online-W
44,Online-W
45,Online-W
46,Online-W
47,Online-W
48,Online-W
49,Online-W
50,Online-W
51,Online-W
52,Online-W
53,Online-W
54,Online-W
55,Online-W
56,Online-W
57,Online-W
58,Online-W
59,Online-W
60,Online-W
61,Online-W
62,Online-W
63,Online-W
64,Online-W
71,Online-W
72,Online-W
73,Online-W
78,Online-W
79,Online-W
80,Online-W
81,Online-W
82,Online-W
83,Online-W
84,Online-W
85,Online-W
86,Online-W
87,Online-W
88,Online-W
89,Online-W
90,Online-W
92,Online-W
93,Online-W
94,Online-W
96,Online-W
98,Online-W
100,Online-W
101,Online-W
102,Online-W
103,Online-W
105,Online-W
106,Online-W
107,Online-W
108,Online-W
109,Online-W
110,Online-W
111,Online-W
113,Online-W
114,Online-W
116,Online-W
132,Online-W
134,Online-W
135,Online-W
137,Online-W
138,Online-W
139,Online-W
141,Online-W
142,Online-W
143,Online-W
144,Online-W
145,Online-W
147,Online-W
148,Online-W
149,Online-W
150,Online-W
151,Online-W
152,Online-W
153,Online-W
156,Online-W
157,Online-W
158,Online-W
159,Online-W
160,Online-W
161,Online-W
162,Online-W
164,Online-W
165,Online-W
167,Online-W
168,Online-W
175,Online-W
181,Online-W
182,Online-W
183,Online-W
184,Online-W
185,Online-W
186,Online-W
187,Online-W
188,Online-W
189,Online-W
190,Online-W
191,Online-W
192,Online-W
193,Online-W
196,Online-W
198,Online-W
199,Online-W
200,Online-W
201,Online-W
228,Online-W
229,Online-W
230,Online-W
231,Online-W
232,Online-W
233,Online-W
234,Online-W
235,Online-W
236,Online-W
237,Online-W
238,Online-W
239,Online-W
240,Online-W
241,Online-W
242,Online-W
243,Online-W
244,Online-W
245,Online-W
246,Online-W
247,Online-W
248,Online-W
249,Online-W
250,Online-W
251,Online-W
252,Online-W
253,Online-W
266,Online-W
267,Online-W
269,Online-W
270,Online-W
272,Online-W
273,Online-W
275,Online-W
278,Online-W
294,Online-W
295,Online-W
296,Online-W
297,Online-W
298,Online-W
300,Online-W
301,Online-W
302,Online-W
303,Online-W
304,Online-W
305,Online-W
349,Online-W
350,Online-W
351,Online-W
352,Online-W
353,Online-W
354,Online-W
355,Online-W
356,Online-W
357,Online-W
358,Online-W
359,Online-W
360,Online-W
361,Online-W
362,Online-W
363,Online-W
364,Online-W
365,Online-W
366,Online-W
367,Online-W
368,Online-W
369,Online-W
370,Online-W
371,Online-W
372,Online-W
373,Online-W
374,Online-W
375,Online-W
376,Online-W
377,Online-W
378,Online-W
379,Online-W
380,Online-W
381,Online-W
382,Online-W
383,Online-W
384,Online-W
385,Online-W
387,Online-W
405,Online-W
407,Online-W
408,Online-W
411,Online-W
412,Online-W
413,Online-W
414,Online-W
415,Online-W
416,Online-W
417,Online-W
418,Online-W
419,Online-W
420,Online-W
421,Online-W
422,Online-W
423,Online-W
424,Online-W
425,Online-W
426,Online-W
427,Online-W
428,Online-W
429,Online-W
430,Online-W
431,Online-W
432,Online-W
434,Online-W
435,Online-W
436,Online-W
437,Online-W
438,Online-W
439,Online-W
440,Online-W
441,Online-W
442,Online-W
457,Online-W
469,Online-W
470,Online-W
472,Online-W
473,Online-W
474,Online-W
475,Online-W
476,Online-W
477,Online-W
478,Online-W
481,Online-W
494,Online-W
495,Online-W
496,Online-W
497,Online-W
499,Online-W
500,Online-W
501,Online-W
503,Online-W
504,Online-W
505,Online-W
506,Online-W
507,Online-W
508,Online-W
510,Online-W
511,Online-W
512,Online-W
513,Online-W
514,Online-W
515,Online-W
516,Online-W
517,Online-W
518,Online-W
519,Online-W
520,Online-W
521,Online-W
522,Online-W
523,Online-W
524,Online-W
525,Online-W
526,Online-W
527,Online-W
530,Online-W
531,Online-W
532,Online-W
533,Online-W
534,Online-W
535,Online-W
536,Online-W
537,Online-W
538,Online-W
540,Online-W
541,Online-W
543,Online-W
544,Online-W
548,Online-W
550,Online-W
554,Online-W
555,Online-W
556,Online-W
557,Online-W
558,Online-W
559,Online-W
560,Online-W
561,Online-W
562,Online-W
563,Online-W
564,Online-W
565,Online-W
566,Online-W
567,Online-W
568,Online-W
569,Online-W
570,Online-W
571,Online-W
572,Online-W
573,Online-W
577,Online-W
581,Online-W
585,Online-W
586,Online-W
587,Online-W
591,Online-W
592,Online-W
595,Online-W
596,Online-W
597,Online-W
598,Online-W
599,Online-W
600,Online-W
601,Online-W
602,Online-W
609,Online-W
621,Online-W
622,Online-W
623,Online-W
624,Online-W
627,Online-W
628,Online-W
629,Online-W
630,Online-W
631,Online-W
632,Online-W
633,Online-W
634,Online-W
635,Online-W
636,Online-W
637,Online-W
638,Online-W
639,Online-W
640,Online-W
642,Online-W
643,Online-W
644,Online-W
645,Online-W
646,Online-W
647,Online-W
648,Online-W
649,Online-W
650,Online-W
651,Online-W
652,Online-W
653,Online-W
654,Online-W
655,Online-W
656,Online-W
657,Online-W
658,Online-W
659,Online-W
660,Online-W
661,Online-W
662,Online-W
663,Online-W
664,Online-W
665,Online-W
666,Online-W
667,Online-W
668,Online-W
669,Online-W
670,Online-W
671,Online-W
672,Online-W
673,Online-W
674,Online-W
675,Online-W
676,Online-W
677,Online-W
678,Online-W
679,Online-W
680,Online-W
681,Online-W
683,Online-W
684,Online-W
685,Online-W
686,Online-W
687,Online-W
688,Online-W
689,Online-W
691,Online-W
692,Online-W
694,Online-W
695,Online-W
697,Online-W
701,Online-W
703,Online-W
707,Online-W
711,Online-W
713,Online-W
714,Online-W
715,Online-W
716,Online-W
717,Online-W
718,Online-W
719,Online-W
720,Online-W
721,Online-W
734,Online-W
735,Online-W
736,Online-W
737,Online-W
738,Online-W
739,Online-W
740,Online-W
741,Online-W
742,Online-W
743,Online-W
744,Online-W
745,Online-W
746,Online-W
747,Online-W
748,Online-W
750,Online-W
751,Online-W
752,Online-W
753,Online-W
754,Online-W
755,Online-W
756,Online-W
757,Online-W
758,Online-W
759,Online-W
760,Online-W
761,Online-W
762,Online-W
763,Online-W
764,Online-W
765,Online-W
766,Online-W
767,Online-W
768,Online-W
769,Online-W
770,Online-W
771,Online-W
772,Online-W
773,Online-W
774,Online-W
775,Online-W
776,Online-W
777,Online-W
778,Online-W
779,Online-W
780,Online-W
781,Online-W
782,Online-W
783,Online-W
784,Online-W
788,Online-W
789,Online-W
790,Online-W
791,Online-W
792,Online-W
793,Online-W
794,Online-W
795,Online-W
796,Online-W
797,Online-W
799,Online-W
803,Online-W
804,Online-W
807,Online-W
828,Online-W
830,Online-W
844,Online-W
845,Online-W
846,Online-W
847,Online-W
848,Online-W
851,Online-W
852,Online-W
854,Online-W
857,Online-W
858,Online-W
859,Online-W
860,Online-W
861,Online-W
862,Online-W
863,Online-W
864,Online-W
865,Online-W
866,Online-W
867,Online-W
868,Online-W
869,Online-W
870,Online-W
871,Online-W
872,Online-W
873,Online-W
874,Online-W
875,Online-W
876,Online-W
877,Online-W
878,Online-W
879,Online-W
880,Online-W
881,Online-W
882,Online-W
883,Online-W
884,Online-W
885,Online-W
886,Online-W
887,Online-W
888,Online-W
889,Online-W
890,Online-W
891,Online-W
892,Online-W
893,Online-W
894,Online-W
895,Online-W
896,Online-W
897,Online-W
898,Online-W
899,Online-W
900,Online-W
901,Online-W
902,Online-W
915,Online-W
916,Online-W
917,Online-W
918,Online-W
919,Online-W
920,Online-W
921,Online-W
922,Online-W
923,Online-W
924,Online-W
927,Online-W
928,Online-W
929,Online-W
930,Online-W
931,Online-W
941,Online-W
942,Online-W
943,Online-W
944,Online-W
945,Online-W
946,Online-W
947,Online-W
948,Online-W
949,Online-W
950,Online-W
951,Online-W
952,Online-W
953,Online-W
954,Online-W
955,Online-W
956,Online-W
957,Online-W
958,Online-W
959,Online-W
960,Online-W
961,Online-W
962,Online-W
963,Online-W
964,Online-W
965,Online-W
966,Online-W
967,Online-W
968,Online-W
969,Online-W
970,Online-W
971,Online-W
972,Online-W
974,Online-W
989,Online-W
990,Online-W
991,Online-W
992,Online-W
993,Online-W
994,Online-W
995,Online-W
996,Online-W
997,Online-W
998,Online-W
999,Online-W
1000,Online-W
1001,Online-W
1002,Online-W
1,Online-G
2,Online-G
3,Online-G
4,Online-G
5,Online-G
6,Online-G
7,Online-G
8,Online-G
10,Online-G
11,Online-G
12,Online-G
13,Online-G
15,Online-G
17,Online-G
18,Online-G
19,Online-G
20,Online-G
21,Online-G
23,Online-G
24,Online-G
25,Online-G
26,Online-G
53,Online-G
54,Online-G
55,Online-G
56,Online-G
57,Online-G
58,Online-G
59,Online-G
60,Online-G
62,Online-G
63,Online-G
71,Online-G
72,Online-G
77,Online-G
78,Online-G
79,Online-G
80,Online-G
81,Online-G
82,Online-G
83,Online-G
85,Online-G
86,Online-G
87,Online-G
88,Online-G
89,Online-G
90,Online-G
92,Online-G
93,Online-G
94,Online-G
95,Online-G
96,Online-G
121,Online-G
122,Online-G
125,Online-G
126,Online-G
127,Online-G
128,Online-G
129,Online-G
132,Online-G
133,Online-G
134,Online-G
135,Online-G
136,Online-G
137,Online-G
138,Online-G
139,Online-G
140,Online-G
141,Online-G
142,Online-G
143,Online-G
144,Online-G
145,Online-G
147,Online-G
148,Online-G
149,Online-G
150,Online-G
151,Online-G
152,Online-G
153,Online-G
154,Online-G
156,Online-G
157,Online-G
158,Online-G
159,Online-G
160,Online-G
161,Online-G
162,Online-G
163,Online-G
164,Online-G
165,Online-G
166,Online-G
167,Online-G
168,Online-G
169,Online-G
173,Online-G
175,Online-G
176,Online-G
177,Online-G
181,Online-G
182,Online-G
183,Online-G
184,Online-G
185,Online-G
186,Online-G
187,Online-G
188,Online-G
189,Online-G
190,Online-G
191,Online-G
194,Online-G
195,Online-G
196,Online-G
197,Online-G
198,Online-G
200,Online-G
201,Online-G
202,Online-G
229,Online-G
230,Online-G
231,Online-G
232,Online-G
236,Online-G
237,Online-G
238,Online-G
239,Online-G
240,Online-G
241,Online-G
242,Online-G
243,Online-G
244,Online-G
245,Online-G
246,Online-G
247,Online-G
248,Online-G
249,Online-G
250,Online-G
251,Online-G
252,Online-G
258,Online-G
259,Online-G
261,Online-G
263,Online-G
264,Online-G
272,Online-G
276,Online-G
278,Online-G
279,Online-G
286,Online-G
287,Online-G
288,Online-G
323,Online-G
326,Online-G
327,Online-G
328,Online-G
329,Online-G
330,Online-G
331,Online-G
332,Online-G
333,Online-G
334,Online-G
335,Online-G
336,Online-G
337,Online-G
338,Online-G
339,Online-G
340,Online-G
341,Online-G
342,Online-G
343,Online-G
344,Online-G
345,Online-G
346,Online-G
347,Online-G
348,Online-G
349,Online-G
350,Online-G
351,Online-G
353,Online-G
356,Online-G
357,Online-G
358,Online-G
360,Online-G
361,Online-G
362,Online-G
363,Online-G
364,Online-G
365,Online-G
366,Online-G
367,Online-G
368,Online-G
369,Online-G
372,Online-G
373,Online-G
374,Online-G
375,Online-G
377,Online-G
378,Online-G
379,Online-G
381,Online-G
382,Online-G
383,Online-G
384,Online-G
388,Online-G
389,Online-G
390,Online-G
391,Online-G
392,Online-G
393,Online-G
394,Online-G
395,Online-G
396,Online-G
399,Online-G
406,Online-G
411,Online-G
412,Online-G
413,Online-G
414,Online-G
416,Online-G
417,Online-G
418,Online-G
419,Online-G
420,Online-G
421,Online-G
422,Online-G
423,Online-G
427,Online-G
428,Online-G
429,Online-G
431,Online-G
434,Online-G
435,Online-G
436,Online-G
437,Online-G
438,Online-G
440,Online-G
441,Online-G
442,Online-G
443,Online-G
444,Online-G
445,Online-G
446,Online-G
447,Online-G
448,Online-G
449,Online-G
450,Online-G
452,Online-G
453,Online-G
454,Online-G
460,Online-G
464,Online-G
465,Online-G
484,Online-G
494,Online-G
495,Online-G
496,Online-G
497,Online-G
498,Online-G
499,Online-G
500,Online-G
501,Online-G
502,Online-G
503,Online-G
504,Online-G
505,Online-G
506,Online-G
507,Online-G
508,Online-G
509,Online-G
510,Online-G
511,Online-G
512,Online-G
513,Online-G
515,Online-G
516,Online-G
517,Online-G
518,Online-G
520,Online-G
522,Online-G
523,Online-G
526,Online-G
527,Online-G
530,Online-G
531,Online-G
532,Online-G
533,Online-G
538,Online-G
543,Online-G
544,Online-G
545,Online-G
546,Online-G
547,Online-G
548,Online-G
549,Online-G
550,Online-G
551,Online-G
553,Online-G
565,Online-G
566,Online-G
567,Online-G
568,Online-G
569,Online-G
570,Online-G
571,Online-G
572,Online-G
573,Online-G
574,Online-G
575,Online-G
576,Online-G
577,Online-G
578,Online-G
579,Online-G
594,Online-G
595,Online-G
597,Online-G
598,Online-G
599,Online-G
600,Online-G
623,Online-G
624,Online-G
626,Online-G
627,Online-G
628,Online-G
629,Online-G
630,Online-G
632,Online-G
633,Online-G
634,Online-G
635,Online-G
636,Online-G
637,Online-G
638,Online-G
639,Online-G
640,Online-G
641,Online-G
659,Online-G
662,Online-G
665,Online-G
668,Online-G
669,Online-G
670,Online-G
671,Online-G
672,Online-G
673,Online-G
674,Online-G
675,Online-G
676,Online-G
677,Online-G
697,Online-G
698,Online-G
699,Online-G
700,Online-G
702,Online-G
703,Online-G
704,Online-G
705,Online-G
706,Online-G
707,Online-G
708,Online-G
709,Online-G
710,Online-G
711,Online-G
712,Online-G
728,Online-G
729,Online-G
733,Online-G
734,Online-G
735,Online-G
736,Online-G
737,Online-G
738,Online-G
739,Online-G
740,Online-G
741,Online-G
742,Online-G
743,Online-G
744,Online-G
745,Online-G
746,Online-G
747,Online-G
748,Online-G
750,Online-G
751,Online-G
752,Online-G
753,Online-G
754,Online-G
755,Online-G
756,Online-G
784,Online-G
785,Online-G
786,Online-G
787,Online-G
788,Online-G
790,Online-G
791,Online-G
792,Online-G
793,Online-G
794,Online-G
795,Online-G
796,Online-G
797,Online-G
798,Online-G
799,Online-G
801,Online-G
802,Online-G
803,Online-G
804,Online-G
805,Online-G
806,Online-G
807,Online-G
809,Online-G
811,Online-G
815,Online-G
816,Online-G
817,Online-G
818,Online-G
819,Online-G
820,Online-G
822,Online-G
823,Online-G
824,Online-G
825,Online-G
826,Online-G
827,Online-G
828,Online-G
829,Online-G
830,Online-G
831,Online-G
836,Online-G
839,Online-G
842,Online-G
844,Online-G
845,Online-G
846,Online-G
847,Online-G
848,Online-G
852,Online-G
853,Online-G
854,Online-G
855,Online-G
858,Online-G
859,Online-G
860,Online-G
861,Online-G
862,Online-G
863,Online-G
864,Online-G
865,Online-G
866,Online-G
867,Online-G
870,Online-G
874,Online-G
875,Online-G
877,Online-G
878,Online-G
880,Online-G
882,Online-G
884,Online-G
886,Online-G
887,Online-G
888,Online-G
889,Online-G
891,Online-G
894,Online-G
895,Online-G
896,Online-G
897,Online-G
898,Online-G
899,Online-G
900,Online-G
901,Online-G
902,Online-G
909,Online-G
917,Online-G
918,Online-G
919,Online-G
920,Online-G
921,Online-G
922,Online-G
923,Online-G
925,Online-G
927,Online-G
928,Online-G
930,Online-G
941,Online-G
942,Online-G
943,Online-G
944,Online-G
945,Online-G
946,Online-G
947,Online-G
948,Online-G
949,Online-G
950,Online-G
951,Online-G
952,Online-G
953,Online-G
954,Online-G
955,Online-G
956,Online-G
957,Online-G
958,Online-G
959,Online-G
960,Online-G
961,Online-G
962,Online-G
963,Online-G
964,Online-G
965,Online-G
966,Online-G
968,Online-G
969,Online-G
970,Online-G
971,Online-G
972,Online-G
973,Online-G
981,Online-G
982,Online-G
983,Online-G
984,Online-G
985,Online-G
986,Online-G
987,Online-G
989,Online-G
990,Online-G
993,Online-G
994,Online-G
995,Online-G
996,Online-G
997,Online-G
998,Online-G
999,Online-G
1000,Online-G
1001,Online-G
1,Online-A
2,Online-A
3,Online-A
4,Online-A
5,Online-A
6,Online-A
7,Online-A
9,Online-A
10,Online-A
11,Online-A
12,Online-A
13,Online-A
14,Online-A
15,Online-A
16,Online-A
17,Online-A
18,Online-A
20,Online-A
21,Online-A
22,Online-A
23,Online-A
24,Online-A
29,Online-A
30,Online-A
31,Online-A
32,Online-A
33,Online-A
35,Online-A
36,Online-A
37,Online-A
38,Online-A
39,Online-A
40,Online-A
41,Online-A
42,Online-A
43,Online-A
44,Online-A
45,Online-A
46,Online-A
47,Online-A
48,Online-A
49,Online-A
50,Online-A
51,Online-A
52,Online-A
54,Online-A
56,Online-A
57,Online-A
58,Online-A
59,Online-A
60,Online-A
61,Online-A
62,Online-A
64,Online-A
65,Online-A
66,Online-A
67,Online-A
68,Online-A
69,Online-A
70,Online-A
71,Online-A
72,Online-A
73,Online-A
74,Online-A
75,Online-A
76,Online-A
77,Online-A
78,Online-A
79,Online-A
80,Online-A
81,Online-A
82,Online-A
83,Online-A
86,Online-A
87,Online-A
88,Online-A
89,Online-A
90,Online-A
91,Online-A
93,Online-A
94,Online-A
95,Online-A
96,Online-A
99,Online-A
100,Online-A
101,Online-A
103,Online-A
104,Online-A
107,Online-A
110,Online-A
111,Online-A
118,Online-A
119,Online-A
120,Online-A
121,Online-A
122,Online-A
123,Online-A
124,Online-A
125,Online-A
126,Online-A
127,Online-A
128,Online-A
129,Online-A
130,Online-A
131,Online-A
136,Online-A
139,Online-A
140,Online-A
141,Online-A
142,Online-A
143,Online-A
145,Online-A
146,Online-A
147,Online-A
148,Online-A
149,Online-A
151,Online-A
152,Online-A
153,Online-A
154,Online-A
156,Online-A
157,Online-A
158,Online-A
159,Online-A
160,Online-A
161,Online-A
162,Online-A
164,Online-A
165,Online-A
166,Online-A
167,Online-A
168,Online-A
170,Online-A
171,Online-A
172,Online-A
173,Online-A
174,Online-A
175,Online-A
177,Online-A
178,Online-A
179,Online-A
180,Online-A
182,Online-A
183,Online-A
184,Online-A
188,Online-A
189,Online-A
190,Online-A
191,Online-A
192,Online-A
193,Online-A
194,Online-A
195,Online-A
196,Online-A
197,Online-A
198,Online-A
199,Online-A
200,Online-A
201,Online-A
202,Online-A
254,Online-A
255,Online-A
256,Online-A
257,Online-A
258,Online-A
259,Online-A
260,Online-A
261,Online-A
262,Online-A
263,Online-A
264,Online-A
265,Online-A
266,Online-A
267,Online-A
268,Online-A
269,Online-A
270,Online-A
271,Online-A
272,Online-A
273,Online-A
277,Online-A
281,Online-A
282,Online-A
283,Online-A
284,Online-A
285,Online-A
286,Online-A
287,Online-A
288,Online-A
289,Online-A
290,Online-A
291,Online-A
306,Online-A
307,Online-A
308,Online-A
309,Online-A
310,Online-A
312,Online-A
313,Online-A
314,Online-A
315,Online-A
317,Online-A
319,Online-A
320,Online-A
321,Online-A
322,Online-A
323,Online-A
324,Online-A
325,Online-A
326,Online-A
327,Online-A
328,Online-A
329,Online-A
330,Online-A
331,Online-A
332,Online-A
333,Online-A
334,Online-A
335,Online-A
336,Online-A
337,Online-A
338,Online-A
339,Online-A
340,Online-A
341,Online-A
342,Online-A
343,Online-A
344,Online-A
345,Online-A
346,Online-A
347,Online-A
348,Online-A
352,Online-A
355,Online-A
356,Online-A
357,Online-A
358,Online-A
359,Online-A
360,Online-A
363,Online-A
365,Online-A
367,Online-A
369,Online-A
370,Online-A
373,Online-A
374,Online-A
375,Online-A
376,Online-A
377,Online-A
379,Online-A
380,Online-A
381,Online-A
382,Online-A
383,Online-A
388,Online-A
390,Online-A
391,Online-A
393,Online-A
394,Online-A
395,Online-A
398,Online-A
400,Online-A
402,Online-A
430,Online-A
431,Online-A
433,Online-A
434,Online-A
435,Online-A
436,Online-A
437,Online-A
440,Online-A
441,Online-A
442,Online-A
444,Online-A
445,Online-A
447,Online-A
448,Online-A
450,Online-A
451,Online-A
452,Online-A
453,Online-A
454,Online-A
455,Online-A
457,Online-A
458,Online-A
460,Online-A
463,Online-A
464,Online-A
465,Online-A
466,Online-A
487,Online-A
489,Online-A
490,Online-A
494,Online-A
495,Online-A
496,Online-A
497,Online-A
498,Online-A
499,Online-A
500,Online-A
501,Online-A
502,Online-A
503,Online-A
504,Online-A
505,Online-A
506,Online-A
507,Online-A
508,Online-A
509,Online-A
512,Online-A
518,Online-A
520,Online-A
522,Online-A
524,Online-A
525,Online-A
526,Online-A
527,Online-A
528,Online-A
530,Online-A
531,Online-A
532,Online-A
533,Online-A
537,Online-A
538,Online-A
543,Online-A
544,Online-A
545,Online-A
546,Online-A
548,Online-A
549,Online-A
550,Online-A
551,Online-A
552,Online-A
554,Online-A
555,Online-A
556,Online-A
557,Online-A
559,Online-A
560,Online-A
561,Online-A
562,Online-A
563,Online-A
564,Online-A
583,Online-A
586,Online-A
589,Online-A
590,Online-A
591,Online-A
592,Online-A
593,Online-A
594,Online-A
595,Online-A
596,Online-A
597,Online-A
599,Online-A
600,Online-A
601,Online-A
604,Online-A
605,Online-A
606,Online-A
608,Online-A
609,Online-A
611,Online-A
612,Online-A
642,Online-A
643,Online-A
644,Online-A
645,Online-A
646,Online-A
647,Online-A
649,Online-A
650,Online-A
651,Online-A
652,Online-A
653,Online-A
654,Online-A
655,Online-A
656,Online-A
658,Online-A
662,Online-A
697,Online-A
703,Online-A
704,Online-A
705,Online-A
706,Online-A
709,Online-A
710,Online-A
714,Online-A
716,Online-A
717,Online-A
725,Online-A
732,Online-A
733,Online-A
735,Online-A
736,Online-A
737,Online-A
738,Online-A
739,Online-A
740,Online-A
741,Online-A
742,Online-A
743,Online-A
744,Online-A
745,Online-A
746,Online-A
747,Online-A
748,Online-A
749,Online-A
750,Online-A
751,Online-A
752,Online-A
753,Online-A
754,Online-A
755,Online-A
756,Online-A
757,Online-A
758,Online-A
759,Online-A
778,Online-A
779,Online-A
780,Online-A
781,Online-A
782,Online-A
783,Online-A
792,Online-A
797,Online-A
798,Online-A
799,Online-A
800,Online-A
801,Online-A
803,Online-A
804,Online-A
805,Online-A
806,Online-A
811,Online-A
815,Online-A
817,Online-A
818,Online-A
821,Online-A
822,Online-A
823,Online-A
824,Online-A
825,Online-A
826,Online-A
827,Online-A
828,Online-A
829,Online-A
830,Online-A
831,Online-A
832,Online-A
833,Online-A
834,Online-A
835,Online-A
836,Online-A
838,Online-A
839,Online-A
840,Online-A
841,Online-A
842,Online-A
847,Online-A
848,Online-A
852,Online-A
854,Online-A
855,Online-A
857,Online-A
858,Online-A
859,Online-A
860,Online-A
861,Online-A
862,Online-A
863,Online-A
864,Online-A
865,Online-A
866,Online-A
868,Online-A
870,Online-A
871,Online-A
874,Online-A
876,Online-A
877,Online-A
878,Online-A
879,Online-A
880,Online-A
881,Online-A
882,Online-A
884,Online-A
886,Online-A
887,Online-A
888,Online-A
889,Online-A
892,Online-A
893,Online-A
894,Online-A
896,Online-A
897,Online-A
898,Online-A
899,Online-A
900,Online-A
901,Online-A
915,Online-A
916,Online-A
917,Online-A
918,Online-A
919,Online-A
920,Online-A
921,Online-A
922,Online-A
923,Online-A
924,Online-A
925,Online-A
926,Online-A
927,Online-A
928,Online-A
929,Online-A
930,Online-A
931,Online-A
932,Online-A
934,Online-A
935,Online-A
936,Online-A
938,Online-A
939,Online-A
943,Online-A
944,Online-A
946,Online-A
947,Online-A
949,Online-A
950,Online-A
952,Online-A
953,Online-A
955,Online-A
957,Online-A
958,Online-A
959,Online-A
960,Online-A
961,Online-A
966,Online-A
968,Online-A
972,Online-A
990,Online-A
991,Online-A
992,Online-A
993,Online-A
994,Online-A
995,Online-A
997,Online-A
998,Online-A
999,Online-A
1000,Online-A
1001,Online-A
1002,Online-A
